01207,080  ,0800000,ﾎｯｶｲﾄﾞｳ,ｵﾋﾞﾋﾛｼ,ｲｶﾆｹｲｻｲｶﾞﾅｲﾊﾞｱｲ,北海道,帯広市,以下に掲載がない場合,0,0,0,0,0,0
01207,080  ,0800835,ﾎｯｶｲﾄﾞｳ,ｵﾋﾞﾋﾛｼ,ｲﾅﾀﾞﾁｮｳ,北海道,帯広市,稲田町,0,0,0,0,0,0
01207,080  ,0800833,ﾎｯｶｲﾄﾞｳ,ｵﾋﾞﾋﾛｼ,ｲﾅﾀﾞﾁｮｳｷｾﾝ,北海道,帯広市,稲田町基線,0,0,0,0,0,0
01207,080  ,0800834,ﾎｯｶｲﾄﾞｳ,ｵﾋﾞﾋﾛｼ,ｲﾅﾀﾞﾁｮｳﾆｼ,北海道,帯広市,稲田町西,0,0,0,0,0,0
01207,080  ,0800832,ﾎｯｶｲﾄﾞｳ,ｵﾋﾞﾋﾛｼ,ｲﾅﾀﾞﾁｮｳﾋｶﾞｼ,北海道,帯広市,稲田町東,0,0,0,0,0,0
01207,080  ,0800831,ﾎｯｶｲﾄﾞｳ,ｵﾋﾞﾋﾛｼ,ｲﾅﾀﾞﾁｮｳﾐﾅﾐ,北海道,帯広市,稲田町南,0,0,0,0,0,0
01207,08021,0802121,ﾎｯｶｲﾄﾞｳ,ｵﾋﾞﾋﾛｼ,ｲﾜﾅｲﾁｮｳ,北海道,帯広市,岩内町,0,0,0,0,0,0
01207,08021,0802122,ﾎｯｶｲﾄﾞｳ,ｵﾋﾞﾋﾛｼ,ｲﾜﾅｲﾁｮｳﾀﾞｲ1ｷｾﾝ,北海道,帯広市,岩内町第１基線,0,0,0,0,0,0
01207,08021,0802123,ﾎｯｶｲﾄﾞｳ,ｵﾋﾞﾋﾛｼ,ｲﾜﾅｲﾁｮｳﾆｼ,北海道,帯広市,岩内町西,0,0,0,0,0,0
01207,08021,0802124,ﾎｯｶｲﾄﾞｳ,ｵﾋﾞﾋﾛｼ,ｲﾜﾅｲﾁｮｳﾋｶﾞｼ,北海道,帯広市,岩内町東,0,0,0,0,0,0
01207,080  ,0800816,ﾎｯｶｲﾄﾞｳ,ｵﾋﾞﾋﾛｼ,ｵｵｶﾜﾁｮｳ,北海道,帯広市,大川町,0,0,0,0,0,0
01207,080  ,0800838,ﾎｯｶｲﾄﾞｳ,ｵﾋﾞﾋﾛｼ,ｵｵｿﾞﾗﾁｮｳ,北海道,帯広市,大空町,0,0,1,0,0,0
01207,080  ,0800030,ﾎｯｶｲﾄﾞｳ,ｵﾋﾞﾋﾛｼ,ｵｵﾄﾞｵﾘｷﾀ,北海道,帯広市,大通北,0,0,1,0,0,0
01207,080  ,0800010,ﾎｯｶｲﾄﾞｳ,ｵﾋﾞﾋﾛｼ,ｵｵﾄﾞｵﾘﾐﾅﾐ,北海道,帯広市,大通南,0,0,1,0,0,0
01207,08023,0802334,ﾎｯｶｲﾄﾞｳ,ｵﾋﾞﾋﾛｼ,ｶﾐｵﾋﾞﾋﾛﾁｮｳ,北海道,帯広市,上帯広町,0,0,0,0,0,0
01207,08021,0802111,ﾎｯｶｲﾄﾞｳ,ｵﾋﾞﾋﾛｼ,ｶﾐｷﾖｶﾜﾁｮｳ,北海道,帯広市,上清川町,0,0,0,0,0,0
01207,08021,0802112,ﾎｯｶｲﾄﾞｳ,ｵﾋﾞﾋﾛｼ,ｶﾐｷﾖｶﾜﾁｮｳｷｾﾝ,北海道,帯広市,上清川町基線,0,0,0,0,0,0
01207,08021,0802113,ﾎｯｶｲﾄﾞｳ,ｵﾋﾞﾋﾛｼ,ｶﾐｷﾖｶﾜﾁｮｳﾆｼ,北海道,帯広市,上清川町西,0,0,0,0,0,0
01207,08021,0802114,ﾎｯｶｲﾄﾞｳ,ｵﾋﾞﾋﾛｼ,ｶﾐｷﾖｶﾜﾁｮｳﾋｶﾞｼ,北海道,帯広市,上清川町東,0,0,0,0,0,0
01207,08021,0802101,ﾎｯｶｲﾄﾞｳ,ｵﾋﾞﾋﾛｼ,ｷﾖｶﾜﾁｮｳ,北海道,帯広市,清川町,0,0,0,0,0,0
01207,08021,0802102,ﾎｯｶｲﾄﾞｳ,ｵﾋﾞﾋﾛｼ,ｷﾖｶﾜﾁｮｳｷｾﾝ,北海道,帯広市,清川町基線,0,0,0,0,0,0
01207,08021,0802115,ﾎｯｶｲﾄﾞｳ,ｵﾋﾞﾋﾛｼ,ｷﾖｶﾜﾁｮｳﾅｶﾄﾞｵﾘ,北海道,帯広市,清川町仲通,0,0,0,0,0,0
01207,08021,0802103,ﾎｯｶｲﾄﾞｳ,ｵﾋﾞﾋﾛｼ,ｷﾖｶﾜﾁｮｳﾆｼ,北海道,帯広市,清川町西,0,0,0,0,0,0
01207,08021,0802104,ﾎｯｶｲﾄﾞｳ,ｵﾋﾞﾋﾛｼ,ｷﾖｶﾜﾁｮｳﾋｶﾞｼ,北海道,帯広市,清川町東,0,0,0,0,0,0
01207,08021,0802116,ﾎｯｶｲﾄﾞｳ,ｵﾋﾞﾋﾛｼ,ｷﾖｶﾜﾁｮｳﾎﾝﾄﾞｵﾘ,北海道,帯広市,清川町本通,0,0,0,0,0,0
01207,080  ,0800836,ﾎｯｶｲﾄﾞｳ,ｵﾋﾞﾋﾛｼ,ｸｳｺｳﾐﾅﾐﾏﾁ,北海道,帯広市,空港南町,0,0,0,0,0,0
01207,080  ,0800837,ﾎｯｶｲﾄﾞｳ,ｵﾋﾞﾋﾛｼ,ｸｳｺｳﾐﾅﾐﾏﾁﾐﾅﾐ,北海道,帯広市,空港南町南,0,0,0,0,0,0
01207,080  ,0800847,ﾎｯｶｲﾄﾞｳ,ｵﾋﾞﾋﾛｼ,ｺｳｴﾝﾋｶﾞｼﾏﾁ,北海道,帯広市,公園東町,0,0,1,0,0,0
01207,080  ,0800848,ﾎｯｶｲﾄﾞｳ,ｵﾋﾞﾋﾛｼ,ｼﾞﾕｳｶﾞｵｶ(1､2ﾁｮｳﾒ),北海道,帯広市,自由が丘（１、２丁目）,1,0,1,0,0,0
01207,08024,0802476,ﾎｯｶｲﾄﾞｳ,ｵﾋﾞﾋﾛｼ,ｼﾞﾕｳｶﾞｵｶ(3-7ﾁｮｳﾒ),北海道,帯広市,自由が丘（３～７丁目）,1,0,1,0,0,0
01207,080  ,0800051,ﾎｯｶｲﾄﾞｳ,ｵﾋﾞﾋﾛｼ,ｼﾗｶﾊﾞ16ｼﾞｮｳﾆｼ,北海道,帯広市,白樺十六条西,0,0,1,0,0,0
01207,080  ,0800050,ﾎｯｶｲﾄﾞｳ,ｵﾋﾞﾋﾛｼ,ｼﾗｶﾊﾞ16ｼﾞｮｳﾋｶﾞｼ,北海道,帯広市,白樺十六条東,0,0,1,0,0,0
01207,080  ,0800053,ﾎｯｶｲﾄﾞｳ,ｵﾋﾞﾋﾛｼ,ｼﾝﾏﾁﾆｼ,北海道,帯広市,新町西,0,0,1,0,0,0
01207,080  ,0800052,ﾎｯｶｲﾄﾞｳ,ｵﾋﾞﾋﾛｼ,ｼﾝﾏﾁﾋｶﾞｼ,北海道,帯広市,新町東,0,0,1,0,0,0
01207,080  ,0800872,ﾎｯｶｲﾄﾞｳ,ｵﾋﾞﾋﾛｼ,ｾｲﾘｭｳﾆｼ,北海道,帯広市,清流西,0,0,1,0,0,0
01207,080  ,0800871,ﾎｯｶｲﾄﾞｳ,ｵﾋﾞﾋﾛｼ,ｾｲﾘｭｳﾋｶﾞｼ,北海道,帯広市,清流東,0,0,1,0,0,0
01207,08021,0802105,ﾎｯｶｲﾄﾞｳ,ｵﾋﾞﾋﾛｼ,ﾀｲﾍｲﾁｮｳ,北海道,帯広市,太平町,0,0,0,0,0,0
01207,08021,0802117,ﾎｯｶｲﾄﾞｳ,ｵﾋﾞﾋﾛｼ,ﾀｲﾍｲﾁｮｳﾆｼ,北海道,帯広市,太平町西,0,0,0,0,0,0
01207,08023,0802337,ﾎｯｶｲﾄﾞｳ,ｵﾋﾞﾋﾛｼ,ﾀｸｾｲﾁｮｳ,北海道,帯広市,拓成町,0,0,0,0,0,0
01207,080  ,0800031,ﾎｯｶｲﾄﾞｳ,ｵﾋﾞﾋﾛｼ,ﾆｼ1ｼﾞｮｳｷﾀ,北海道,帯広市,西一条北,0,0,1,0,0,0
01207,080  ,0800011,ﾎｯｶｲﾄﾞｳ,ｵﾋﾞﾋﾛｼ,ﾆｼ1ｼﾞｮｳﾐﾅﾐ,北海道,帯広市,西一条南,0,0,1,0,0,0
01207,080  ,0800032,ﾎｯｶｲﾄﾞｳ,ｵﾋﾞﾋﾛｼ,ﾆｼ2ｼﾞｮｳｷﾀ,北海道,帯広市,西二条北,0,0,1,0,0,0
01207,080  ,0800012,ﾎｯｶｲﾄﾞｳ,ｵﾋﾞﾋﾛｼ,ﾆｼ2ｼﾞｮｳﾐﾅﾐ,北海道,帯広市,西二条南,0,0,1,0,0,0
01207,080  ,0800033,ﾎｯｶｲﾄﾞｳ,ｵﾋﾞﾋﾛｼ,ﾆｼ3ｼﾞｮｳｷﾀ,北海道,帯広市,西三条北,0,0,1,0,0,0
01207,080  ,0800013,ﾎｯｶｲﾄﾞｳ,ｵﾋﾞﾋﾛｼ,ﾆｼ3ｼﾞｮｳﾐﾅﾐ,北海道,帯広市,西三条南,0,0,1,0,0,0
01207,080  ,0800034,ﾎｯｶｲﾄﾞｳ,ｵﾋﾞﾋﾛｼ,ﾆｼ4ｼﾞｮｳｷﾀ,北海道,帯広市,西四条北,0,0,1,0,0,0
01207,080  ,0800014,ﾎｯｶｲﾄﾞｳ,ｵﾋﾞﾋﾛｼ,ﾆｼ4ｼﾞｮｳﾐﾅﾐ,北海道,帯広市,西四条南,0,0,1,0,0,0
01207,080  ,0800035,ﾎｯｶｲﾄﾞｳ,ｵﾋﾞﾋﾛｼ,ﾆｼ5ｼﾞｮｳｷﾀ,北海道,帯広市,西五条北,0,0,1,0,0,0
01207,080  ,0800015,ﾎｯｶｲﾄﾞｳ,ｵﾋﾞﾋﾛｼ,ﾆｼ5ｼﾞｮｳﾐﾅﾐ,北海道,帯広市,西五条南,0,0,1,0,0,0
01207,080  ,0800036,ﾎｯｶｲﾄﾞｳ,ｵﾋﾞﾋﾛｼ,ﾆｼ6ｼﾞｮｳｷﾀ,北海道,帯広市,西六条北,0,0,1,0,0,0
01207,080  ,0800016,ﾎｯｶｲﾄﾞｳ,ｵﾋﾞﾋﾛｼ,ﾆｼ6ｼﾞｮｳﾐﾅﾐ,北海道,帯広市,西六条南,0,0,1,0,0,0
01207,080  ,0800037,ﾎｯｶｲﾄﾞｳ,ｵﾋﾞﾋﾛｼ,ﾆｼ7ｼﾞｮｳｷﾀ,北海道,帯広市,西七条北,0,0,1,0,0,0
01207,080  ,0800017,ﾎｯｶｲﾄﾞｳ,ｵﾋﾞﾋﾛｼ,ﾆｼ7ｼﾞｮｳﾐﾅﾐ,北海道,帯広市,西七条南,0,0,1,0,0,0
01207,080  ,0800038,ﾎｯｶｲﾄﾞｳ,ｵﾋﾞﾋﾛｼ,ﾆｼ8ｼﾞｮｳｷﾀ,北海道,帯広市,西八条北,0,0,1,0,0,0
01207,080  ,0800018,ﾎｯｶｲﾄﾞｳ,ｵﾋﾞﾋﾛｼ,ﾆｼ8ｼﾞｮｳﾐﾅﾐ,北海道,帯広市,西八条南,0,0,1,0,0,0
01207,080  ,0800039,ﾎｯｶｲﾄﾞｳ,ｵﾋﾞﾋﾛｼ,ﾆｼ9ｼﾞｮｳｷﾀ,北海道,帯広市,西九条北,0,0,1,0,0,0
01207,080  ,0800019,ﾎｯｶｲﾄﾞｳ,ｵﾋﾞﾋﾛｼ,ﾆｼ9ｼﾞｮｳﾐﾅﾐ,北海道,帯広市,西九条南,0,0,1,0,0,0
01207,080  ,0800040,ﾎｯｶｲﾄﾞｳ,ｵﾋﾞﾋﾛｼ,ﾆｼ10ｼﾞｮｳｷﾀ,北海道,帯広市,西十条北,0,0,1,0,0,0
01207,080  ,0800020,ﾎｯｶｲﾄﾞｳ,ｵﾋﾞﾋﾛｼ,ﾆｼ10ｼﾞｮｳﾐﾅﾐ,北海道,帯広市,西十条南,0,0,1,0,0,0
01207,080  ,0800041,ﾎｯｶｲﾄﾞｳ,ｵﾋﾞﾋﾛｼ,ﾆｼ11ｼﾞｮｳｷﾀ,北海道,帯広市,西十一条北,0,0,1,0,0,0
01207,080  ,0800021,ﾎｯｶｲﾄﾞｳ,ｵﾋﾞﾋﾛｼ,ﾆｼ11ｼﾞｮｳﾐﾅﾐ,北海道,帯広市,西十一条南,0,0,1,0,0,0
01207,080  ,0800042,ﾎｯｶｲﾄﾞｳ,ｵﾋﾞﾋﾛｼ,ﾆｼ12ｼﾞｮｳｷﾀ,北海道,帯広市,西十二条北,0,0,1,0,0,0
01207,080  ,0800022,ﾎｯｶｲﾄﾞｳ,ｵﾋﾞﾋﾛｼ,ﾆｼ12ｼﾞｮｳﾐﾅﾐ,北海道,帯広市,西十二条南,0,0,1,0,0,0
01207,080  ,0800043,ﾎｯｶｲﾄﾞｳ,ｵﾋﾞﾋﾛｼ,ﾆｼ13ｼﾞｮｳｷﾀ,北海道,帯広市,西十三条北,0,0,1,0,0,0
01207,080  ,0800023,ﾎｯｶｲﾄﾞｳ,ｵﾋﾞﾋﾛｼ,ﾆｼ13ｼﾞｮｳﾐﾅﾐ,北海道,帯広市,西十三条南,0,0,1,0,0,0
01207,080  ,0800044,ﾎｯｶｲﾄﾞｳ,ｵﾋﾞﾋﾛｼ,ﾆｼ14ｼﾞｮｳｷﾀ,北海道,帯広市,西十四条北,0,0,1,0,0,0
01207,080  ,0800024,ﾎｯｶｲﾄﾞｳ,ｵﾋﾞﾋﾛｼ,ﾆｼ14ｼﾞｮｳﾐﾅﾐ,北海道,帯広市,西十四条南,0,0,1,0,0,0
01207,080  ,0800045,ﾎｯｶｲﾄﾞｳ,ｵﾋﾞﾋﾛｼ,ﾆｼ15ｼﾞｮｳｷﾀ,北海道,帯広市,西十五条北,0,0,1,0,0,0
01207,080  ,0800025,ﾎｯｶｲﾄﾞｳ,ｵﾋﾞﾋﾛｼ,ﾆｼ15ｼﾞｮｳﾐﾅﾐ,北海道,帯広市,西十五条南,0,0,1,0,0,0
01207,080  ,0800046,ﾎｯｶｲﾄﾞｳ,ｵﾋﾞﾋﾛｼ,ﾆｼ16ｼﾞｮｳｷﾀ,北海道,帯広市,西十六条北,0,0,1,0,0,0
01207,080  ,0800026,ﾎｯｶｲﾄﾞｳ,ｵﾋﾞﾋﾛｼ,ﾆｼ16ｼﾞｮｳﾐﾅﾐ,北海道,帯広市,西十六条南,0,0,1,0,0,0
01207,080  ,0800047,ﾎｯｶｲﾄﾞｳ,ｵﾋﾞﾋﾛｼ,ﾆｼ17ｼﾞｮｳｷﾀ,北海道,帯広市,西十七条北,0,0,1,0,0,0
01207,080  ,0800027,ﾎｯｶｲﾄﾞｳ,ｵﾋﾞﾋﾛｼ,ﾆｼ17ｼﾞｮｳﾐﾅﾐ,北海道,帯広市,西十七条南,0,0,1,0,0,0
01207,080  ,0800048,ﾎｯｶｲﾄﾞｳ,ｵﾋﾞﾋﾛｼ,ﾆｼ18ｼﾞｮｳｷﾀ,北海道,帯広市,西十八条北,0,0,1,0,0,0
01207,080  ,0800028,ﾎｯｶｲﾄﾞｳ,ｵﾋﾞﾋﾛｼ,ﾆｼ18ｼﾞｮｳﾐﾅﾐ,北海道,帯広市,西十八条南,0,0,1,0,0,0
01207,08024,0802459,ﾎｯｶｲﾄﾞｳ,ｵﾋﾞﾋﾛｼ,ﾆｼ19ｼﾞｮｳｷﾀ,北海道,帯広市,西十九条北,0,0,1,0,0,0
01207,08024,0802469,ﾎｯｶｲﾄﾞｳ,ｵﾋﾞﾋﾛｼ,ﾆｼ19ｼﾞｮｳﾐﾅﾐ(1-5ﾁｮｳﾒ),北海道,帯広市,西十九条南（１～５丁目）,1,0,1,0,0,0
01207,080  ,0800029,ﾎｯｶｲﾄﾞｳ,ｵﾋﾞﾋﾛｼ,ﾆｼ19ｼﾞｮｳﾐﾅﾐ(35-38､41､42ﾁｮｳﾒ),北海道,帯広市,西十九条南（３５～３８、４１、４２丁目）,1,0,1,0,0,0
01207,08024,0802460,ﾎｯｶｲﾄﾞｳ,ｵﾋﾞﾋﾛｼ,ﾆｼ20ｼﾞｮｳｷﾀ,北海道,帯広市,西二十条北,0,0,1,0,0,0
01207,08024,0802470,ﾎｯｶｲﾄﾞｳ,ｵﾋﾞﾋﾛｼ,ﾆｼ20ｼﾞｮｳﾐﾅﾐ,北海道,帯広市,西二十条南,0,0,1,0,0,0
01207,08024,0802461,ﾎｯｶｲﾄﾞｳ,ｵﾋﾞﾋﾛｼ,ﾆｼ21ｼﾞｮｳｷﾀ,北海道,帯広市,西二十一条北,0,0,1,0,0,0
01207,08024,0802471,ﾎｯｶｲﾄﾞｳ,ｵﾋﾞﾋﾛｼ,ﾆｼ21ｼﾞｮｳﾐﾅﾐ,北海道,帯広市,西二十一条南,0,0,1,0,0,0
01207,08024,0802462,ﾎｯｶｲﾄﾞｳ,ｵﾋﾞﾋﾛｼ,ﾆｼ22ｼﾞｮｳｷﾀ,北海道,帯広市,西二十二条北,0,0,1,0,0,0
01207,08024,0802472,ﾎｯｶｲﾄﾞｳ,ｵﾋﾞﾋﾛｼ,ﾆｼ22ｼﾞｮｳﾐﾅﾐ,北海道,帯広市,西二十二条南,0,0,1,0,0,0
01207,08024,0802463,ﾎｯｶｲﾄﾞｳ,ｵﾋﾞﾋﾛｼ,ﾆｼ23ｼﾞｮｳｷﾀ,北海道,帯広市,西二十三条北,0,0,1,0,0,0
01207,08024,0802473,ﾎｯｶｲﾄﾞｳ,ｵﾋﾞﾋﾛｼ,ﾆｼ23ｼﾞｮｳﾐﾅﾐ,北海道,帯広市,西二十三条南,0,0,1,0,0,0
01207,08024,0802464,ﾎｯｶｲﾄﾞｳ,ｵﾋﾞﾋﾛｼ,ﾆｼ24ｼﾞｮｳｷﾀ,北海道,帯広市,西二十四条北,0,0,1,0,0,0
01207,08024,0802474,ﾎｯｶｲﾄﾞｳ,ｵﾋﾞﾋﾛｼ,ﾆｼ24ｼﾞｮｳﾐﾅﾐ,北海道,帯広市,西二十四条南,0,0,1,0,0,0
01207,08024,0802465,ﾎｯｶｲﾄﾞｳ,ｵﾋﾞﾋﾛｼ,ﾆｼ25ｼﾞｮｳｷﾀ,北海道,帯広市,西二十五条北,0,0,1,0,0,0
01207,08024,0802475,ﾎｯｶｲﾄﾞｳ,ｵﾋﾞﾋﾛｼ,ﾆｼ25ｼﾞｮｳﾐﾅﾐ,北海道,帯広市,西二十五条南,0,0,1,0,0,0
01207,080  ,0800054,ﾎｯｶｲﾄﾞｳ,ｵﾋﾞﾋﾛｼ,ﾊｸﾘﾝﾀﾞｲｷﾀﾏﾁ,北海道,帯広市,柏林台北町,0,0,1,0,0,0
01207,080  ,0800057,ﾎｯｶｲﾄﾞｳ,ｵﾋﾞﾋﾛｼ,ﾊｸﾘﾝﾀﾞｲﾅｶﾏﾁ,北海道,帯広市,柏林台中町,0,0,1,0,0,0
01207,080  ,0800058,ﾎｯｶｲﾄﾞｳ,ｵﾋﾞﾋﾛｼ,ﾊｸﾘﾝﾀﾞｲﾆｼﾏﾁ,北海道,帯広市,柏林台西町,0,0,1,0,0,0
01207,080  ,0800055,ﾎｯｶｲﾄﾞｳ,ｵﾋﾞﾋﾛｼ,ﾊｸﾘﾝﾀﾞｲﾋｶﾞｼﾏﾁ,北海道,帯広市,柏林台東町,0,0,1,0,0,0
01207,080  ,0800056,ﾎｯｶｲﾄﾞｳ,ｵﾋﾞﾋﾛｼ,ﾊｸﾘﾝﾀﾞｲﾐﾅﾐﾏﾁ,北海道,帯広市,柏林台南町,0,0,1,0,0,0
01207,08023,0802333,ﾎｯｶｲﾄﾞｳ,ｵﾋﾞﾋﾛｼ,ﾋﾞｴｲﾁｮｳ(ﾆｼ5-8ｾﾝ79-110ﾊﾞﾝﾁ),北海道,帯広市,美栄町（西５～８線７９～１１０番地）,1,0,0,0,0,0
01207,08021,0802106,ﾎｯｶｲﾄﾞｳ,ｵﾋﾞﾋﾛｼ,ﾋﾞｴｲﾁｮｳ(ｿﾉﾀ),北海道,帯広市,美栄町（その他）,1,0,0,0,0,0
01207,080  ,0800821,ﾎｯｶｲﾄﾞｳ,ｵﾋﾞﾋﾛｼ,ﾋｶﾞｼ1ｼﾞｮｳｷﾀ,北海道,帯広市,東一条北,0,0,1,0,0,0
01207,080  ,0800801,ﾎｯｶｲﾄﾞｳ,ｵﾋﾞﾋﾛｼ,ﾋｶﾞｼ1ｼﾞｮｳﾐﾅﾐ,北海道,帯広市,東一条南,0,0,1,0,0,0
01207,080  ,0800822,ﾎｯｶｲﾄﾞｳ,ｵﾋﾞﾋﾛｼ,ﾋｶﾞｼ2ｼﾞｮｳｷﾀ,北海道,帯広市,東二条北,0,0,1,0,0,0
01207,080  ,0800802,ﾎｯｶｲﾄﾞｳ,ｵﾋﾞﾋﾛｼ,ﾋｶﾞｼ2ｼﾞｮｳﾐﾅﾐ,北海道,帯広市,東二条南,0,0,1,0,0,0
01207,080  ,0800823,ﾎｯｶｲﾄﾞｳ,ｵﾋﾞﾋﾛｼ,ﾋｶﾞｼ3ｼﾞｮｳｷﾀ,北海道,帯広市,東三条北,0,0,1,0,0,0
01207,080  ,0800803,ﾎｯｶｲﾄﾞｳ,ｵﾋﾞﾋﾛｼ,ﾋｶﾞｼ3ｼﾞｮｳﾐﾅﾐ,北海道,帯広市,東三条南,0,0,1,0,0,0
01207,080  ,0800824,ﾎｯｶｲﾄﾞｳ,ｵﾋﾞﾋﾛｼ,ﾋｶﾞｼ4ｼﾞｮｳｷﾀ,北海道,帯広市,東四条北,0,0,1,0,0,0
01207,080  ,0800804,ﾎｯｶｲﾄﾞｳ,ｵﾋﾞﾋﾛｼ,ﾋｶﾞｼ4ｼﾞｮｳﾐﾅﾐ,北海道,帯広市,東四条南,0,0,1,0,0,0
01207,080  ,0800805,ﾎｯｶｲﾄﾞｳ,ｵﾋﾞﾋﾛｼ,ﾋｶﾞｼ5ｼﾞｮｳﾐﾅﾐ,北海道,帯広市,東五条南,0,0,1,0,0,0
01207,080  ,0800806,ﾎｯｶｲﾄﾞｳ,ｵﾋﾞﾋﾛｼ,ﾋｶﾞｼ6ｼﾞｮｳﾐﾅﾐ,北海道,帯広市,東六条南,0,0,1,0,0,0
01207,080  ,0800807,ﾎｯｶｲﾄﾞｳ,ｵﾋﾞﾋﾛｼ,ﾋｶﾞｼ7ｼﾞｮｳﾐﾅﾐ,北海道,帯広市,東七条南,0,0,1,0,0,0
01207,080  ,0800808,ﾎｯｶｲﾄﾞｳ,ｵﾋﾞﾋﾛｼ,ﾋｶﾞｼ8ｼﾞｮｳﾐﾅﾐ,北海道,帯広市,東八条南,0,0,1,0,0,0
01207,080  ,0800809,ﾎｯｶｲﾄﾞｳ,ｵﾋﾞﾋﾛｼ,ﾋｶﾞｼ9ｼﾞｮｳﾐﾅﾐ,北海道,帯広市,東九条南,0,0,1,0,0,0
01207,080  ,0800810,ﾎｯｶｲﾄﾞｳ,ｵﾋﾞﾋﾛｼ,ﾋｶﾞｼ10ｼﾞｮｳﾐﾅﾐ,北海道,帯広市,東十条南,0,0,1,0,0,0
01207,080  ,0800811,ﾎｯｶｲﾄﾞｳ,ｵﾋﾞﾋﾛｼ,ﾋｶﾞｼ11ｼﾞｮｳﾐﾅﾐ,北海道,帯広市,東十一条南,0,0,1,0,0,0
01207,080  ,0800812,ﾎｯｶｲﾄﾞｳ,ｵﾋﾞﾋﾛｼ,ﾋｶﾞｼ12ｼﾞｮｳﾐﾅﾐ,北海道,帯広市,東十二条南,0,0,1,0,0,0
01207,080  ,0800813,ﾎｯｶｲﾄﾞｳ,ｵﾋﾞﾋﾛｼ,ﾋｶﾞｼ13ｼﾞｮｳﾐﾅﾐ,北海道,帯広市,東十三条南,0,0,1,0,0,0
01207,080  ,0800814,ﾎｯｶｲﾄﾞｳ,ｵﾋﾞﾋﾛｼ,ﾋｶﾞｼ14ｼﾞｮｳﾐﾅﾐ,北海道,帯広市,東十四条南,0,0,1,0,0,0
01207,080  ,0800815,ﾎｯｶｲﾄﾞｳ,ｵﾋﾞﾋﾛｼ,ﾋｶﾞｼ15ｼﾞｮｳﾐﾅﾐ,北海道,帯広市,東十五条南,0,0,1,0,0,0
01207,08023,0802335,ﾎｯｶｲﾄﾞｳ,ｵﾋﾞﾋﾛｼ,ﾋﾛﾉﾁｮｳ,北海道,帯広市,広野町,0,0,0,0,0,0
01207,08023,0802332,ﾎｯｶｲﾄﾞｳ,ｵﾋﾞﾋﾛｼ,ﾌｼﾞﾁｮｳ(ﾆｼ4-8ｾﾝ49-78ﾊﾞﾝﾁ),北海道,帯広市,富士町（西４～８線４９～７８番地）,1,0,0,0,0,0
01207,080  ,0800846,ﾎｯｶｲﾄﾞｳ,ｵﾋﾞﾋﾛｼ,ﾐﾄﾞﾘｶﾞｵｶ,北海道,帯広市,緑ケ丘,0,0,1,0,0,0
01207,080  ,0800841,ﾎｯｶｲﾄﾞｳ,ｵﾋﾞﾋﾛｼ,ﾐﾄﾞﾘｶﾞｵｶ1ｼﾞｮｳﾄﾞｵﾘ,北海道,帯広市,緑ケ丘一条通,0,0,1,0,0,0
01207,080  ,0800842,ﾎｯｶｲﾄﾞｳ,ｵﾋﾞﾋﾛｼ,ﾐﾄﾞﾘｶﾞｵｶ2ｼﾞｮｳﾄﾞｵﾘ,北海道,帯広市,緑ケ丘二条通,0,0,1,0,0,0
01207,080  ,0800843,ﾎｯｶｲﾄﾞｳ,ｵﾋﾞﾋﾛｼ,ﾐﾄﾞﾘｶﾞｵｶ3ｼﾞｮｳﾄﾞｵﾘ,北海道,帯広市,緑ケ丘三条通,0,0,1,0,0,0
01207,080  ,0800845,ﾎｯｶｲﾄﾞｳ,ｵﾋﾞﾋﾛｼ,ﾐﾄﾞﾘｶﾞｵｶﾋｶﾞｼﾄﾞｵﾘﾆｼ,北海道,帯広市,緑ケ丘東通西,0,0,0,0,0,0
01207,080  ,0800844,ﾎｯｶｲﾄﾞｳ,ｵﾋﾞﾋﾛｼ,ﾐﾄﾞﾘｶﾞｵｶﾋｶﾞｼﾄﾞｵﾘﾋｶﾞｼ,北海道,帯広市,緑ケ丘東通東,0,0,0,0,0,0
01207,080  ,0800862,ﾎｯｶｲﾄﾞｳ,ｵﾋﾞﾋﾛｼ,ﾐﾅﾐﾉﾓﾘﾆｼ,北海道,帯広市,南の森西,0,0,1,0,0,0
01207,080  ,0800861,ﾎｯｶｲﾄﾞｳ,ｵﾋﾞﾋﾛｼ,ﾐﾅﾐﾉﾓﾘﾋｶﾞｼ,北海道,帯広市,南の森東,0,0,1,0,0,0
01207,080  ,0800857,ﾎｯｶｲﾄﾞｳ,ｵﾋﾞﾋﾛｼ,ﾐﾅﾐﾏﾁ,北海道,帯広市,南町,0,0,0,0,0,0
01207,080  ,0800856,ﾎｯｶｲﾄﾞｳ,ｵﾋﾞﾋﾛｼ,ﾐﾅﾐﾏﾁﾐﾅﾐ,北海道,帯広市,南町南,0,0,0,0,0,0
01207,08023,0802331,ﾎｯｶｲﾄﾞｳ,ｵﾋﾞﾋﾛｼ,ﾓﾄｲﾏﾂﾁｮｳ,北海道,帯広市,基松町,0,0,0,0,0,0
01207,08023,0802336,ﾎｯｶｲﾄﾞｳ,ｵﾋﾞﾋﾛｼ,ﾔﾁﾖﾁｮｳ,北海道,帯広市,八千代町,0,0,0,0,0,0
01207,080  ,0800817,ﾎｯｶｲﾄﾞｳ,ｵﾋﾞﾋﾛｼ,ﾖﾀﾞﾁｮｳ,北海道,帯広市,依田町,0,0,0,0,0,0
01631,08001,0800100,ﾎｯｶｲﾄﾞｳ,ｶﾄｳｸﾞﾝｵﾄﾌｹﾁｮｳ,ｲｶﾆｹｲｻｲｶﾞﾅｲﾊﾞｱｲ,北海道,河東郡音更町,以下に掲載がない場合,0,0,0,0,0,0
01631,08001,0800101,ﾎｯｶｲﾄﾞｳ,ｶﾄｳｸﾞﾝｵﾄﾌｹﾁｮｳ,ｵｵﾄﾞｵﾘ,北海道,河東郡音更町,大通,0,0,1,0,0,0
01631,08001,0800102,ﾎｯｶｲﾄﾞｳ,ｶﾄｳｸﾞﾝｵﾄﾌｹﾁｮｳ,ｵｵﾄﾞｵﾘｷﾀ,北海道,河東郡音更町,大通北,0,0,1,0,0,0
01631,08002,0800271,ﾎｯｶｲﾄﾞｳ,ｶﾄｳｸﾞﾝｵﾄﾌｹﾁｮｳ,ｵｻﾙｼ,北海道,河東郡音更町,長流枝,0,0,0,1,0,0
01631,08002,0800271,ﾎｯｶｲﾄﾞｳ,ｶﾄｳｸﾞﾝｵﾄﾌｹﾁｮｳ,ｵｻﾙｼｶﾝｾﾝ,北海道,河東郡音更町,長流枝幹線,0,0,0,1,0,0
01631,08001,0800341,ﾎｯｶｲﾄﾞｳ,ｶﾄｳｸﾞﾝｵﾄﾌｹﾁｮｳ,ｵﾄﾌｹ,北海道,河東郡音更町,音更,0,0,0,0,0,0
01631,08005,0800575,ﾎｯｶｲﾄﾞｳ,ｶﾄｳｸﾞﾝｵﾄﾌｹﾁｮｳ,ｶﾐｼｶﾘﾍﾞﾂ,北海道,河東郡音更町,上然別,0,0,0,0,0,0
01631,08001,0800306,ﾎｯｶｲﾄﾞｳ,ｶﾄｳｸﾞﾝｵﾄﾌｹﾁｮｳ,ｷﾀｽｽﾞﾗﾝﾐﾅﾐ,北海道,河東郡音更町,北鈴蘭南,0,0,1,0,0,0
01631,08001,0800305,ﾎｯｶｲﾄﾞｳ,ｶﾄｳｸﾞﾝｵﾄﾌｹﾁｮｳ,ｷﾀｽｽﾞﾗﾝｷﾀ,北海道,河東郡音更町,北鈴蘭北,0,0,1,0,0,0
01631,08001,0800111,ﾎｯｶｲﾄﾞｳ,ｶﾄｳｸﾞﾝｵﾄﾌｹﾁｮｳ,ｷﾉｵｵﾄﾞｵﾘﾋｶﾞｼ,北海道,河東郡音更町,木野大通東,0,0,1,0,0,0
01631,08001,0800301,ﾎｯｶｲﾄﾞｳ,ｶﾄｳｸﾞﾝｵﾄﾌｹﾁｮｳ,ｷﾉｵｵﾄﾞｵﾘﾆｼ,北海道,河東郡音更町,木野大通西,0,0,1,0,0,0
01631,08001,0800303,ﾎｯｶｲﾄﾞｳ,ｶﾄｳｸﾞﾝｵﾄﾌｹﾁｮｳ,ｷﾉｺｳｴﾝｼﾀﾏﾁ,北海道,河東郡音更町,木野公園下町,0,0,0,0,0,0
01631,08001,0800304,ﾎｯｶｲﾄﾞｳ,ｶﾄｳｸﾞﾝｵﾄﾌｹﾁｮｳ,ｷﾉｼﾝﾏﾁ,北海道,河東郡音更町,木野新町,0,0,0,0,0,0
01631,08001,0800302,ﾎｯｶｲﾄﾞｳ,ｶﾄｳｸﾞﾝｵﾄﾌｹﾁｮｳ,ｷﾉﾆｼﾄﾞｵﾘ,北海道,河東郡音更町,木野西通,0,0,1,0,0,0
01631,08001,0800112,ﾎｯｶｲﾄﾞｳ,ｶﾄｳｸﾞﾝｵﾄﾌｹﾁｮｳ,ｷﾉﾋｶﾞｼﾄﾞｵﾘ,北海道,河東郡音更町,木野東通,0,0,1,0,0,0
01631,08001,0800335,ﾎｯｶｲﾄﾞｳ,ｶﾄｳｸﾞﾝｵﾄﾌｹﾁｮｳ,ｷﾎﾞｳｶﾞｵｶ,北海道,河東郡音更町,希望が丘,0,0,0,0,0,0
01631,08001,0800315,ﾎｯｶｲﾄﾞｳ,ｶﾄｳｸﾞﾝｵﾄﾌｹﾁｮｳ,ｷｮｳｴｲﾀﾞｲﾋｶﾞｼ,北海道,河東郡音更町,共栄台東,0,0,1,0,0,0
01631,08001,0800314,ﾎｯｶｲﾄﾞｳ,ｶﾄｳｸﾞﾝｵﾄﾌｹﾁｮｳ,ｷｮｳｴｲﾀﾞｲﾆｼ,北海道,河東郡音更町,共栄台西,0,0,1,0,0,0
01631,08005,0800571,ﾎｯｶｲﾄﾞｳ,ｶﾄｳｸﾞﾝｵﾄﾌｹﾁｮｳ,ｺﾏﾊﾞ,北海道,河東郡音更町,駒場,0,0,0,0,0,0
01631,08005,0800564,ﾎｯｶｲﾄﾞｳ,ｶﾄｳｸﾞﾝｵﾄﾌｹﾁｮｳ,ｺﾏﾊﾞｷﾀﾏﾁ,北海道,河東郡音更町,駒場北町,0,0,0,1,0,0
01631,08005,0800564,ﾎｯｶｲﾄﾞｳ,ｶﾄｳｸﾞﾝｵﾄﾌｹﾁｮｳ,ｺﾏﾊﾞｷﾀ1ｼﾞｮｳﾄﾞｵﾘ,北海道,河東郡音更町,駒場北１条通,0,0,1,1,0,0
01631,08005,0800564,ﾎｯｶｲﾄﾞｳ,ｶﾄｳｸﾞﾝｵﾄﾌｹﾁｮｳ,ｺﾏﾊﾞｷﾀ2ｼﾞｮｳﾄﾞｵﾘ,北海道,河東郡音更町,駒場北２条通,0,0,1,1,0,0
01631,08005,0800572,ﾎｯｶｲﾄﾞｳ,ｶﾄｳｸﾞﾝｵﾄﾌｹﾁｮｳ,ｺﾏﾊﾞﾅﾐｷ,北海道,河東郡音更町,駒場並木,0,0,0,0,0,0
01631,08005,0800563,ﾎｯｶｲﾄﾞｳ,ｶﾄｳｸﾞﾝｵﾄﾌｹﾁｮｳ,ｺﾏﾊﾞﾍｲﾜﾀﾞｲ,北海道,河東郡音更町,駒場平和台,0,0,0,0,0,0
01631,08005,0800565,ﾎｯｶｲﾄﾞｳ,ｶﾄｳｸﾞﾝｵﾄﾌｹﾁｮｳ,ｺﾏﾊﾞﾎﾝﾄﾞｵﾘ,北海道,河東郡音更町,駒場本通,0,0,1,0,0,0
01631,08005,0800566,ﾎｯｶｲﾄﾞｳ,ｶﾄｳｸﾞﾝｵﾄﾌｹﾁｮｳ,ｺﾏﾊﾞﾐﾅﾐ1ｼﾞｮｳﾄﾞｵﾘ,北海道,河東郡音更町,駒場南１条通,0,0,1,1,0,0
01631,08005,0800566,ﾎｯｶｲﾄﾞｳ,ｶﾄｳｸﾞﾝｵﾄﾌｹﾁｮｳ,ｺﾏﾊﾞﾐﾅﾐ2ｼﾞｮｳﾄﾞｵﾘ,北海道,河東郡音更町,駒場南２条通,0,0,0,1,0,0
01631,08005,0800567,ﾎｯｶｲﾄﾞｳ,ｶﾄｳｸﾞﾝｵﾄﾌｹﾁｮｳ,ｺﾏﾊﾞﾐﾅﾐ3ｼﾞｮｳﾄﾞｵﾘ,北海道,河東郡音更町,駒場南３条通,0,0,0,1,0,0
01631,08005,0800567,ﾎｯｶｲﾄﾞｳ,ｶﾄｳｸﾞﾝｵﾄﾌｹﾁｮｳ,ｺﾏﾊﾞﾐﾅﾐ4ｼﾞｮｳﾄﾞｵﾘ,北海道,河東郡音更町,駒場南４条通,0,0,0,1,0,0
01631,08005,0800568,ﾎｯｶｲﾄﾞｳ,ｶﾄｳｸﾞﾝｵﾄﾌｹﾁｮｳ,ｺﾏﾊﾞﾋｶﾞｼ,北海道,河東郡音更町,駒場東,0,0,0,0,0,0
01631,08005,0800574,ﾎｯｶｲﾄﾞｳ,ｶﾄｳｸﾞﾝｵﾄﾌｹﾁｮｳ,ｺﾏﾊﾞﾆｼ,北海道,河東郡音更町,駒場西,0,0,0,0,0,0
01631,08005,0800573,ﾎｯｶｲﾄﾞｳ,ｶﾄｳｸﾞﾝｵﾄﾌｹﾁｮｳ,ｺﾏﾊﾞﾐﾅﾐ,北海道,河東郡音更町,駒場南,0,0,0,0,0,0
01631,08001,0800321,ﾎｯｶｲﾄﾞｳ,ｶﾄｳｸﾞﾝｵﾄﾌｹﾁｮｳ,ｻｸﾗｶﾞｵｶ,北海道,河東郡音更町,桜が丘,0,0,0,0,0,0
01631,08001,0800322,ﾎｯｶｲﾄﾞｳ,ｶﾄｳｸﾞﾝｵﾄﾌｹﾁｮｳ,ｻｸﾗｶﾞｵｶﾆｼ,北海道,河東郡音更町,桜が丘西,0,0,0,0,0,0
01631,08001,0800351,ﾎｯｶｲﾄﾞｳ,ｶﾄｳｸﾞﾝｵﾄﾌｹﾁｮｳ,ｼｶﾘﾍﾞﾂ,北海道,河東郡音更町,然別,0,0,0,0,0,0
01631,08001,0800342,ﾎｯｶｲﾄﾞｳ,ｶﾄｳｸﾞﾝｵﾄﾌｹﾁｮｳ,ｼﾓｵﾄﾌｹ,北海道,河東郡音更町,下音更,0,0,0,0,0,0
01631,08002,0800272,ﾎｯｶｲﾄﾞｳ,ｶﾄｳｸﾞﾝｵﾄﾌｹﾁｮｳ,ｼﾓｼﾎﾛ,北海道,河東郡音更町,下士幌,0,0,0,1,0,0
01631,08002,0800272,ﾎｯｶｲﾄﾞｳ,ｶﾄｳｸﾞﾝｵﾄﾌｹﾁｮｳ,ｼﾓｼﾎﾛｶﾝｾﾝ,北海道,河東郡音更町,下士幌幹線,0,0,0,1,0,0
01631,08001,0800104,ﾎｯｶｲﾄﾞｳ,ｶﾄｳｸﾞﾝｵﾄﾌｹﾁｮｳ,ｼﾝﾄﾞｵﾘ,北海道,河東郡音更町,新通,0,0,1,0,0,0
01631,08001,0800105,ﾎｯｶｲﾄﾞｳ,ｶﾄｳｸﾞﾝｵﾄﾌｹﾁｮｳ,ｼﾝﾄﾞｵﾘｷﾀ,北海道,河東郡音更町,新通北,0,0,1,0,0,0
01631,08001,0800313,ﾎｯｶｲﾄﾞｳ,ｶﾄｳｸﾞﾝｵﾄﾌｹﾁｮｳ,ｽｽﾞﾗﾝｺｳｴﾝ,北海道,河東郡音更町,鈴蘭公園,0,0,0,0,0,0
01631,08001,0800361,ﾎｯｶｲﾄﾞｳ,ｶﾄｳｸﾞﾝｵﾄﾌｹﾁｮｳ,ｽｽﾞﾗﾝﾀﾞｲｷﾀﾏﾁ,北海道,河東郡音更町,すずらん台北町,0,0,1,0,0,0
01631,08001,0800362,ﾎｯｶｲﾄﾞｳ,ｶﾄｳｸﾞﾝｵﾄﾌｹﾁｮｳ,ｽｽﾞﾗﾝﾀﾞｲﾅｶﾏﾁ,北海道,河東郡音更町,すずらん台仲町,0,0,1,0,0,0
01631,08001,0800363,ﾎｯｶｲﾄﾞｳ,ｶﾄｳｸﾞﾝｵﾄﾌｹﾁｮｳ,ｽｽﾞﾗﾝﾀﾞｲﾐﾅﾐﾏﾁ,北海道,河東郡音更町,すずらん台南町,0,0,1,0,0,0
01631,08001,0800323,ﾎｯｶｲﾄﾞｳ,ｶﾄｳｸﾞﾝｵﾄﾌｹﾁｮｳ,ｽﾐﾖｼﾀﾞｲ,北海道,河東郡音更町,住吉台,0,0,0,0,0,0
01631,08001,0800345,ﾎｯｶｲﾄﾞｳ,ｶﾄｳｸﾞﾝｵﾄﾌｹﾁｮｳ,ﾀｶｸﾗ,北海道,河東郡音更町,高倉,0,0,0,0,0,0
01631,08001,0800151,ﾎｯｶｲﾄﾞｳ,ｶﾄｳｸﾞﾝｵﾄﾌｹﾁｮｳ,ﾄｳﾜ,北海道,河東郡音更町,東和,0,0,0,0,0,0
01631,08002,0800261,ﾎｯｶｲﾄﾞｳ,ｶﾄｳｸﾞﾝｵﾄﾌｹﾁｮｳ,ﾄｶﾁｶﾞﾜｵﾝｾﾝ,北海道,河東郡音更町,十勝川温泉,0,0,0,0,0,0
01631,08002,0800263,ﾎｯｶｲﾄﾞｳ,ｶﾄｳｸﾞﾝｵﾄﾌｹﾁｮｳ,ﾄｶﾁｶﾞﾜｵﾝｾﾝﾐﾅﾐ,北海道,河東郡音更町,十勝川温泉南,0,0,1,0,0,0
01631,08002,0800262,ﾎｯｶｲﾄﾞｳ,ｶﾄｳｸﾞﾝｵﾄﾌｹﾁｮｳ,ﾄｶﾁｶﾞﾜｵﾝｾﾝｷﾀ,北海道,河東郡音更町,十勝川温泉北,0,0,1,0,0,0
01631,08005,0800561,ﾎｯｶｲﾄﾞｳ,ｶﾄｳｸﾞﾝｵﾄﾌｹﾁｮｳ,ﾄﾖﾀ,北海道,河東郡音更町,豊田,0,0,0,0,0,0
01631,08005,0800578,ﾎｯｶｲﾄﾞｳ,ｶﾄｳｸﾞﾝｵﾄﾌｹﾁｮｳ,ﾅｶｵﾄﾌｹ,北海道,河東郡音更町,中音更,0,0,0,0,0,0
01631,08001,0800309,ﾎｯｶｲﾄﾞｳ,ｶﾄｳｸﾞﾝｵﾄﾌｹﾁｮｳ,ﾅｶｽｽﾞﾗﾝﾓﾄﾏﾁ,北海道,河東郡音更町,中鈴蘭元町,0,0,0,0,0,0
01631,08001,0800308,ﾎｯｶｲﾄﾞｳ,ｶﾄｳｸﾞﾝｵﾄﾌｹﾁｮｳ,ﾅｶｽｽﾞﾗﾝﾐﾅﾐ,北海道,河東郡音更町,中鈴蘭南,0,0,1,0,0,0
01631,08001,0800307,ﾎｯｶｲﾄﾞｳ,ｶﾄｳｸﾞﾝｵﾄﾌｹﾁｮｳ,ﾅｶｽｽﾞﾗﾝｷﾀ,北海道,河東郡音更町,中鈴蘭北,0,0,1,0,0,0
01631,08001,0800346,ﾎｯｶｲﾄﾞｳ,ｶﾄｳｸﾞﾝｵﾄﾌｹﾁｮｳ,ﾅﾂｿﾞﾗ,北海道,河東郡音更町,なつぞら,0,0,0,0,0,0
01631,08005,0800577,ﾎｯｶｲﾄﾞｳ,ｶﾄｳｸﾞﾝｵﾄﾌｹﾁｮｳ,ﾆｼﾅｶｵﾄﾌｹ,北海道,河東郡音更町,西中音更,0,0,0,0,0,0
01631,08001,0800325,ﾎｯｶｲﾄﾞｳ,ｶﾄｳｸﾞﾝｵﾄﾌｹﾁｮｳ,ﾊｸｼﾞｭﾀﾞｲ,北海道,河東郡音更町,柏寿台,0,0,0,0,0,0
01631,08005,0800562,ﾎｯｶｲﾄﾞｳ,ｶﾄｳｸﾞﾝｵﾄﾌｹﾁｮｳ,ﾋｶﾞｼｵﾄﾌｹ,北海道,河東郡音更町,東音更,0,0,0,0,0,0
01631,08001,0800343,ﾎｯｶｲﾄﾞｳ,ｶﾄｳｸﾞﾝｵﾄﾌｹﾁｮｳ,ﾋｶﾞｼｼｶﾘ,北海道,河東郡音更町,東士狩,0,0,0,0,0,0
01631,08001,0800106,ﾎｯｶｲﾄﾞｳ,ｶﾄｳｸﾞﾝｵﾄﾌｹﾁｮｳ,ﾋｶﾞｼﾄﾞｵﾘ,北海道,河東郡音更町,東通,0,0,1,0,0,0
01631,08001,0800162,ﾎｯｶｲﾄﾞｳ,ｶﾄｳｸﾞﾝｵﾄﾌｹﾁｮｳ,ﾋﾋﾞｷﾉﾅｶﾏﾁ,北海道,河東郡音更町,ひびき野仲町,0,0,1,0,0,0
01631,08001,0800161,ﾎｯｶｲﾄﾞｳ,ｶﾄｳｸﾞﾝｵﾄﾌｹﾁｮｳ,ﾋﾋﾞｷﾉﾋｶﾞｼﾏﾁ,北海道,河東郡音更町,ひびき野東町,0,0,1,0,0,0
01631,08001,0800163,ﾎｯｶｲﾄﾞｳ,ｶﾄｳｸﾞﾝｵﾄﾌｹﾁｮｳ,ﾋﾋﾞｷﾉﾆｼﾏﾁ,北海道,河東郡音更町,ひびき野西町,0,0,1,0,0,0
01631,08001,0800137,ﾎｯｶｲﾄﾞｳ,ｶﾄｳｸﾞﾝｵﾄﾌｹﾁｮｳ,ﾎｳﾗｲﾐﾅﾐ1ｼﾞｮｳ,北海道,河東郡音更町,宝来南一条,0,0,1,0,0,0
01631,08001,0800138,ﾎｯｶｲﾄﾞｳ,ｶﾄｳｸﾞﾝｵﾄﾌｹﾁｮｳ,ﾎｳﾗｲﾐﾅﾐ2ｼﾞｮｳ,北海道,河東郡音更町,宝来南二条,0,0,1,0,0,0
01631,08001,0800141,ﾎｯｶｲﾄﾞｳ,ｶﾄｳｸﾞﾝｵﾄﾌｹﾁｮｳ,ﾎｳﾗｲｷﾀ1ｼﾞｮｳ,北海道,河東郡音更町,宝来北一条,0,0,1,0,0,0
01631,08001,0800142,ﾎｯｶｲﾄﾞｳ,ｶﾄｳｸﾞﾝｵﾄﾌｹﾁｮｳ,ﾎｳﾗｲｷﾀ2ｼﾞｮｳ,北海道,河東郡音更町,宝来北二条,0,0,1,0,0,0
01631,08001,0800143,ﾎｯｶｲﾄﾞｳ,ｶﾄｳｸﾞﾝｵﾄﾌｹﾁｮｳ,ﾎｳﾗｲｷﾀ3ｼﾞｮｳ,北海道,河東郡音更町,宝来北三条,0,0,1,0,0,0
01631,08001,0800144,ﾎｯｶｲﾄﾞｳ,ｶﾄｳｸﾞﾝｵﾄﾌｹﾁｮｳ,ﾎｳﾗｲｷﾀ4ｼﾞｮｳ,北海道,河東郡音更町,宝来北四条,0,0,1,0,0,0
01631,08001,0800145,ﾎｯｶｲﾄﾞｳ,ｶﾄｳｸﾞﾝｵﾄﾌｹﾁｮｳ,ﾎｳﾗｲｷﾀ5ｼﾞｮｳ,北海道,河東郡音更町,宝来北五条,0,0,1,0,0,0
01631,08001,0800146,ﾎｯｶｲﾄﾞｳ,ｶﾄｳｸﾞﾝｵﾄﾌｹﾁｮｳ,ﾎｳﾗｲｷﾀ6ｼﾞｮｳ,北海道,河東郡音更町,宝来北六条,0,0,1,0,0,0
01631,08001,0800135,ﾎｯｶｲﾄﾞｳ,ｶﾄｳｸﾞﾝｵﾄﾌｹﾁｮｳ,ﾎｳﾗｲﾅｶﾏﾁﾐﾅﾐ,北海道,河東郡音更町,宝来仲町南,0,0,1,0,0,0
01631,08001,0800132,ﾎｯｶｲﾄﾞｳ,ｶﾄｳｸﾞﾝｵﾄﾌｹﾁｮｳ,ﾎｳﾗｲﾅｶﾏﾁｷﾀ,北海道,河東郡音更町,宝来仲町北,0,0,1,0,0,0
01631,08001,0800136,ﾎｯｶｲﾄﾞｳ,ｶﾄｳｸﾞﾝｵﾄﾌｹﾁｮｳ,ﾎｳﾗｲﾋｶﾞｼﾏﾁﾐﾅﾐ,北海道,河東郡音更町,宝来東町南,0,0,1,0,0,0
01631,08001,0800133,ﾎｯｶｲﾄﾞｳ,ｶﾄｳｸﾞﾝｵﾄﾌｹﾁｮｳ,ﾎｳﾗｲﾋｶﾞｼﾏﾁｷﾀ,北海道,河東郡音更町,宝来東町北,0,0,1,0,0,0
01631,08001,0800139,ﾎｯｶｲﾄﾞｳ,ｶﾄｳｸﾞﾝｵﾄﾌｹﾁｮｳ,ﾎｳﾗｲﾆｼﾏﾁｷﾀ,北海道,河東郡音更町,宝来西町北,0,0,0,0,0,0
01631,08001,0800134,ﾎｯｶｲﾄﾞｳ,ｶﾄｳｸﾞﾝｵﾄﾌｹﾁｮｳ,ﾎｳﾗｲﾆｼﾏﾁﾐﾅﾐ,北海道,河東郡音更町,宝来西町南,0,0,1,0,0,0
01631,08001,0800131,ﾎｯｶｲﾄﾞｳ,ｶﾄｳｸﾞﾝｵﾄﾌｹﾁｮｳ,ﾎｳﾗｲﾎﾝﾄﾞｵﾘ,北海道,河東郡音更町,宝来本通,0,0,1,0,0,0
01631,08001,0800326,ﾎｯｶｲﾄﾞｳ,ｶﾄｳｸﾞﾝｵﾄﾌｹﾁｮｳ,ﾎｸﾒｲﾀﾞｲ,北海道,河東郡音更町,北明台,0,0,0,0,0,0
01631,08001,0800327,ﾎｯｶｲﾄﾞｳ,ｶﾄｳｸﾞﾝｵﾄﾌｹﾁｮｳ,ﾎｸﾖｳﾀﾞｲ,北海道,河東郡音更町,北陽台,0,0,0,0,0,0
01631,08001,0800344,ﾎｯｶｲﾄﾞｳ,ｶﾄｳｸﾞﾝｵﾄﾌｹﾁｮｳ,ﾏﾝﾈﾝ,北海道,河東郡音更町,万年,0,0,0,0,0,0
01631,08001,0800334,ﾎｯｶｲﾄﾞｳ,ｶﾄｳｸﾞﾝｵﾄﾌｹﾁｮｳ,ﾐﾄﾞﾘｶﾞｵｶ,北海道,河東郡音更町,緑が丘,0,0,0,0,0,0
01631,08001,0800312,ﾎｯｶｲﾄﾞｳ,ｶﾄｳｸﾞﾝｵﾄﾌｹﾁｮｳ,ﾐﾅﾐｽｽﾞﾗﾝﾐﾅﾐ,北海道,河東郡音更町,南鈴蘭南,0,0,1,0,0,0
01631,08001,0800311,ﾎｯｶｲﾄﾞｳ,ｶﾄｳｸﾞﾝｵﾄﾌｹﾁｮｳ,ﾐﾅﾐｽｽﾞﾗﾝｷﾀ,北海道,河東郡音更町,南鈴蘭北,0,0,1,0,0,0
01631,08001,0800324,ﾎｯｶｲﾄﾞｳ,ｶﾄｳｸﾞﾝｵﾄﾌｹﾁｮｳ,ﾐﾅﾐｽﾐﾖｼﾀﾞｲ,北海道,河東郡音更町,南住吉台,0,0,0,0,0,0
01631,08005,0800576,ﾎｯｶｲﾄﾞｳ,ｶﾄｳｸﾞﾝｵﾄﾌｹﾁｮｳ,ﾐﾅﾐﾅｶｵﾄﾌｹ,北海道,河東郡音更町,南中音更,0,0,0,0,0,0
01631,08001,0800103,ﾎｯｶｲﾄﾞｳ,ｶﾄｳｸﾞﾝｵﾄﾌｹﾁｮｳ,ﾓﾄﾏﾁ,北海道,河東郡音更町,元町,0,0,0,0,0,0
01631,08001,0800121,ﾎｯｶｲﾄﾞｳ,ｶﾄｳｸﾞﾝｵﾄﾌｹﾁｮｳ,ﾔﾅｷﾞﾏﾁｷﾀｸ,北海道,河東郡音更町,柳町北区,0,0,0,0,0,0
01631,08001,0800122,ﾎｯｶｲﾄﾞｳ,ｶﾄｳｸﾞﾝｵﾄﾌｹﾁｮｳ,ﾔﾅｷﾞﾏﾁﾅｶｸ,北海道,河東郡音更町,柳町仲区,0,0,0,0,0,0
01631,08001,0800123,ﾎｯｶｲﾄﾞｳ,ｶﾄｳｸﾞﾝｵﾄﾌｹﾁｮｳ,ﾔﾅｷﾞﾏﾁﾐﾅﾐｸ,北海道,河東郡音更町,柳町南区,0,0,0,0,0,0
01631,08001,0800330,ﾎｯｶｲﾄﾞｳ,ｶﾄｳｸﾞﾝｵﾄﾌｹﾁｮｳ,ﾕｳﾋｶﾞｵｶ,北海道,河東郡音更町,雄飛が丘,0,0,0,0,0,0
01631,08001,0800332,ﾎｯｶｲﾄﾞｳ,ｶﾄｳｸﾞﾝｵﾄﾌｹﾁｮｳ,ﾕｳﾋｶﾞｵｶﾅｶｸ,北海道,河東郡音更町,雄飛が丘仲区,0,0,0,0,0,0
01631,08001,0800333,ﾎｯｶｲﾄﾞｳ,ｶﾄｳｸﾞﾝｵﾄﾌｹﾁｮｳ,ﾕｳﾋｶﾞｵｶﾐﾅﾐｸ,北海道,河東郡音更町,雄飛が丘南区,0,0,0,0,0,0
01631,08001,0800331,ﾎｯｶｲﾄﾞｳ,ｶﾄｳｸﾞﾝｵﾄﾌｹﾁｮｳ,ﾕｳﾋｶﾞｵｶｷﾀｸ,北海道,河東郡音更町,雄飛が丘北区,0,0,0,0,0,0
01631,08001,0800317,ﾎｯｶｲﾄﾞｳ,ｶﾄｳｸﾞﾝｵﾄﾌｹﾁｮｳ,ﾘｮｸﾖｳﾀﾞｲﾅｶｸ,北海道,河東郡音更町,緑陽台仲区,0,0,0,0,0,0
01631,08001,0800318,ﾎｯｶｲﾄﾞｳ,ｶﾄｳｸﾞﾝｵﾄﾌｹﾁｮｳ,ﾘｮｸﾖｳﾀﾞｲﾐﾅﾐｸ,北海道,河東郡音更町,緑陽台南区,0,0,0,0,0,0
01631,08001,0800316,ﾎｯｶｲﾄﾞｳ,ｶﾄｳｸﾞﾝｵﾄﾌｹﾁｮｳ,ﾘｮｸﾖｳﾀﾞｲｷﾀｸ,北海道,河東郡音更町,緑陽台北区,0,0,0,0,0,0
01632,08012,0801200,ﾎｯｶｲﾄﾞｳ,ｶﾄｳｸﾞﾝｼﾎﾛﾁｮｳ,ｲｶﾆｹｲｻｲｶﾞﾅｲﾊﾞｱｲ,北海道,河東郡士幌町,以下に掲載がない場合,0,0,0,0,0,0
01632,08012,0801260,ﾎｯｶｲﾄﾞｳ,ｶﾄｳｸﾞﾝｼﾎﾛﾁｮｳ,ｲｼｮｯﾎﾟ,北海道,河東郡士幌町,イショッポ,0,0,0,0,0,0
01632,08012,0801258,ﾎｯｶｲﾄﾞｳ,ｶﾄｳｸﾞﾝｼﾎﾛﾁｮｳ,ｳﾘﾏｸ,北海道,河東郡士幌町,ウリマク,0,0,0,0,0,0
01632,08012,0801249,ﾎｯｶｲﾄﾞｳ,ｶﾄｳｸﾞﾝｼﾎﾛﾁｮｳ,ｶﾐｵﾄﾌｹ,北海道,河東郡士幌町,上音更,0,0,0,0,0,0
01632,08012,0801205,ﾎｯｶｲﾄﾞｳ,ｶﾄｳｸﾞﾝｼﾎﾛﾁｮｳ,ｼﾎﾛ,北海道,河東郡士幌町,士幌,0,0,0,0,0,0
01632,08012,0801228,ﾎｯｶｲﾄﾞｳ,ｶﾄｳｸﾞﾝｼﾎﾛﾁｮｳ,ｼﾎﾛｶﾝｾﾝ,北海道,河東郡士幌町,士幌幹線,0,0,0,0,0,0
01632,08012,0801230,ﾎｯｶｲﾄﾞｳ,ｶﾄｳｸﾞﾝｼﾎﾛﾁｮｳ,ｼﾎﾛｶﾝﾆｼ,北海道,河東郡士幌町,士幌幹西,0,0,0,0,0,0
01632,08012,0801229,ﾎｯｶｲﾄﾞｳ,ｶﾄｳｸﾞﾝｼﾎﾛﾁｮｳ,ｼﾎﾛｶﾝﾋｶﾞｼ,北海道,河東郡士幌町,士幌幹東,0,0,0,0,0,0
01632,08012,0801237,ﾎｯｶｲﾄﾞｳ,ｶﾄｳｸﾞﾝｼﾎﾛﾁｮｳ,ｼﾎﾛｷｾﾝ,北海道,河東郡士幌町,士幌基線,0,0,0,0,0,0
01632,08012,0801206,ﾎｯｶｲﾄﾞｳ,ｶﾄｳｸﾞﾝｼﾎﾛﾁｮｳ,ｼﾎﾛﾅｶﾄﾞｵﾘ,北海道,河東郡士幌町,士幌仲通,0,0,0,0,0,0
01632,08012,0801218,ﾎｯｶｲﾄﾞｳ,ｶﾄｳｸﾞﾝｼﾎﾛﾁｮｳ,ｼﾎﾛﾆｼ(1ｼﾞｮｳ-3ｼﾞｮｳ),北海道,河東郡士幌町,士幌西（１条～３条）,0,0,0,0,0,0
01632,08012,0801219,ﾎｯｶｲﾄﾞｳ,ｶﾄｳｸﾞﾝｼﾎﾛﾁｮｳ,ｼﾎﾛﾆｼ(1ｾﾝ-3ｾﾝ),北海道,河東郡士幌町,士幌西（１線～３線）,0,0,0,0,0,0
01632,08012,0801209,ﾎｯｶｲﾄﾞｳ,ｶﾄｳｸﾞﾝｼﾎﾛﾁｮｳ,ｼﾎﾛﾋｶﾞｼ(1ｼﾞｮｳ-6ｼﾞｮｳ),北海道,河東郡士幌町,士幌東（１条～６条）,0,0,0,0,0,0
01632,08012,0801210,ﾎｯｶｲﾄﾞｳ,ｶﾄｳｸﾞﾝｼﾎﾛﾁｮｳ,ｼﾎﾛﾋｶﾞｼ(1ｾﾝ-19ｾﾝ),北海道,河東郡士幌町,士幌東（１線～１９線）,0,0,0,0,0,0
01632,08012,0801207,ﾎｯｶｲﾄﾞｳ,ｶﾄｳｸﾞﾝｼﾎﾛﾁｮｳ,ｼﾎﾛﾎﾝﾄﾞｵﾘﾆｼ,北海道,河東郡士幌町,士幌本通西,0,0,0,0,0,0
01632,08012,0801208,ﾎｯｶｲﾄﾞｳ,ｶﾄｳｸﾞﾝｼﾎﾛﾁｮｳ,ｼﾎﾛﾎﾝﾄﾞｵﾘﾋｶﾞｼ,北海道,河東郡士幌町,士幌本通東,0,0,0,0,0,0
01632,08012,0801285,ﾎｯｶｲﾄﾞｳ,ｶﾄｳｸﾞﾝｼﾎﾛﾁｮｳ,ｼﾓｵﾘﾍﾞ,北海道,河東郡士幌町,下居辺,0,0,0,0,0,0
01632,08012,0801273,ﾎｯｶｲﾄﾞｳ,ｶﾄｳｸﾞﾝｼﾎﾛﾁｮｳ,ﾅｶｵﾄﾌｹ,北海道,河東郡士幌町,中音更,0,0,0,0,0,0
01632,08011,0801189,ﾎｯｶｲﾄﾞｳ,ｶﾄｳｸﾞﾝｼﾎﾛﾁｮｳ,ﾅｶｼﾎﾛ,北海道,河東郡士幌町,中士幌,0,0,0,0,0,0
01632,08012,0801259,ﾎｯｶｲﾄﾞｳ,ｶﾄｳｸﾞﾝｼﾎﾛﾁｮｳ,ﾜｯｶｸﾝﾈｯﾌﾟ,北海道,河東郡士幌町,ワッカクンネップ,0,0,0,0,0,0
01633,08014,0801400,ﾎｯｶｲﾄﾞｳ,ｶﾄｳｸﾞﾝｶﾐｼﾎﾛﾁｮｳ,ｲｶﾆｹｲｻｲｶﾞﾅｲﾊﾞｱｲ,北海道,河東郡上士幌町,以下に掲載がない場合,0,0,0,0,0,0
01633,08014,0801406,ﾎｯｶｲﾄﾞｳ,ｶﾄｳｸﾞﾝｶﾐｼﾎﾛﾁｮｳ,ｵﾘﾍﾞ,北海道,河東郡上士幌町,居辺,0,0,0,0,0,0
01633,08014,0801407,ﾎｯｶｲﾄﾞｳ,ｶﾄｳｸﾞﾝｶﾐｼﾎﾛﾁｮｳ,ｶﾐｵﾄﾌｹ,北海道,河東郡上士幌町,上音更,0,0,0,0,0,0
01633,08014,0801408,ﾎｯｶｲﾄﾞｳ,ｶﾄｳｸﾞﾝｶﾐｼﾎﾛﾁｮｳ,ｶﾐｼﾎﾛ,北海道,河東郡上士幌町,上士幌,0,0,0,0,0,0
01633,08014,0801404,ﾎｯｶｲﾄﾞｳ,ｶﾄｳｸﾞﾝｶﾐｼﾎﾛﾁｮｳ,ｸﾛｲｼﾀﾞｲﾗ,北海道,河東郡上士幌町,黒石平,0,0,0,0,0,0
01633,08014,0801405,ﾎｯｶｲﾄﾞｳ,ｶﾄｳｸﾞﾝｶﾐｼﾎﾛﾁｮｳ,ｼﾐｽﾞﾀﾞﾆ,北海道,河東郡上士幌町,清水谷,0,0,0,0,0,0
01633,08014,0801403,ﾎｯｶｲﾄﾞｳ,ｶﾄｳｸﾞﾝｶﾐｼﾎﾛﾁｮｳ,ﾇｶﾋﾞﾗｹﾞﾝｾﾝｷｮｳ,北海道,河東郡上士幌町,ぬかびら源泉郷,0,0,0,0,0,0
01633,08014,0801402,ﾎｯｶｲﾄﾞｳ,ｶﾄｳｸﾞﾝｶﾐｼﾎﾛﾁｮｳ,ﾎﾛｶ,北海道,河東郡上士幌町,幌加,0,0,0,0,0,0
01633,08014,0801401,ﾎｯｶｲﾄﾞｳ,ｶﾄｳｸﾞﾝｶﾐｼﾎﾛﾁｮｳ,ﾐﾂﾏﾀ,北海道,河東郡上士幌町,三股,0,0,0,0,0,0
